<?xml version="1.0" encoding="UTF-8"?>
<!DOCTYPE hibernate-configuration PUBLIC
       "-//Hibernate/Hibernate Configuration DTD 3.0//EN"
       "http://www.hibernate.org/dtd/hibernate-configuration-3.0.dtd">
 
<hibernate-configuration>
 
   <session-factory>
 
       <!-- Database connection properties -->
       <property name="connection.driver_class">com.mysql.jdbc.Driver</property>
       <property name="connection.url">jdbc:mysql://localhost/javainsimpleway</property>
       <property name="connection.username">root</property>
       <property name="connection.password">root</property>
 
       <!-- JDBC connection pool (using the built-in) -->
       <property name="connection.pool_size">10</property>
 
       <!-- SQL dialect -->
       <property name="dialect">org.hibernate.dialect.MySQLDialect</property>
 
       <!-- Disable the second-level cache -->
       <property name="cache.provider_class">org.hibernate.cache.internal.NoCacheProvider</property>
 
       <!-- Echo all executed SQL to stdout -->
       <property name="show_sql">true</property>
       
       <!-- Format the generated Sql -->
       <property name="format_sql">true</property>
 
       <!-- Dont Drop and re-create the database schema on startup,Just update it -->
       <property name="hbm2ddl.auto">update</property>
 
      <mapping class="com.kb.model.Applicant" />
	  <mapping class="com.kb.model.Passport" />
 
   </session-factory>
 
</hibernate-configuration>